{"action":"shippingdetails","timestamp":"2017-07-14 11:12:07","credentials":{"clientid":"32","password":"1234567890"},"origincity":"karachi","datapacket":{"orderinfo":{"order_id":"18","invoice_no":"9","invoice_prefix":"INV-2013-00","store_id":"100001","store_name":"Ego Store","store_url":"https:\/\/wearego.com\/","currency_code":"USD","currency_id":"2","currency_value":"1.00000000","date_added":"2017-07-11 19:53:44","date_modified":"2017-07-14 16:12:07"},"customer":{"customer_id":"0","customer":null,"customer_group_id":"1","firstname":"Ahsan","lastname":"Sheikh","email":"ahsan@gmail.com","telephone":"03457654321"},"payment_address":{"firstname":"Ahsan","lastname":"Sheikh","company":"","address":"abc road, karachi","address_2":"","postcode":"12345","city":"karachi","zone_id":"2462","zone":"Sindh","zone_code":"S","country_id":"162","country":"Pakistan","iso_code_2":"PK","iso_code_3":"PAK","address_format":"","custom_field":[],"method":"Cash On Delivery","code":"cod"},"shipping_address":{"firstname":"Ahsan","lastname":"Sheikh","company":"","address":"abc road, karachi","address_2":"","postcode":"12345","city":"karachi","zone_id":"2462","zone":"Sindh","zone_code":"S","country_id":"162","country":"Pakistan","iso_code_2":"PK","iso_code_3":"PAK","address_format":"","custom_field":[],"method":"Flat Shipping Rate","code":"flat.flat"},"cart":[{"product_id":"43","name":"MacBook","quantity":"1","price":"500.0000","product_total":"500.0000"},{"product_id":"40","name":"iPhone","quantity":"1","price":"101.0000","product_total":"101.0000"}],"total":[{"order_total_id":"60","order_id":"18","code":"sub_total","title":"Sub-Total","value":"601.0000","sort_order":"1"},{"order_total_id":"61","order_id":"18","code":"shipping","title":"Flat Shipping Rate","value":"5.0000","sort_order":"3"},{"order_total_id":"62","order_id":"18","code":"total","title":"Total","value":"606.0000","sort_order":"9"}],"payment_method":[{"id":"10001323","product_ids":[],"payment_method":"Cash On Delivery","code":"cod","codefull":"cod.10001323"}],"shipping_method":[{"id":"100013387","product_ids":["10001330"],"code":"flat","codefull":"flat.100013387"}],"order_history":[{"date_format":"yyyy-MM-dd HH:mm:ss","date_added":"2017-07-12 15:45:26","status":"Pending","order_status_id":"1","comment":"","notify":"0"},{"date_format":"yyyy-MM-dd HH:mm:ss","date_added":"2017-07-12 15:47:52","status":"Pending","order_status_id":"1","comment":"","notify":"0"},{"date_format":"yyyy-MM-dd HH:mm:ss","date_added":"2017-07-12 15:55:32","status":"Pending","order_status_id":"1","comment":"","notify":"0"},{"date_format":"yyyy-MM-dd HH:mm:ss","date_added":"2017-07-12 15:55:48","status":"Shipped","order_status_id":"3","comment":"","notify":"0"},{"date_format":"yyyy-MM-dd HH:mm:ss","date_added":"2017-07-12 15:56:00","status":"Shipped","order_status_id":"3","comment":"","notify":"0"},{"date_format":"yyyy-MM-dd HH:mm:ss","date_added":"2017-07-12 15:56:24","status":"Shipped","order_status_id":"3","comment":"","notify":"0"},{"date_format":"yyyy-MM-dd HH:mm:ss","date_added":"2017-07-12 15:56:34","status":"Shipped","order_status_id":"3","comment":"","notify":"0"},{"date_format":"yyyy-MM-dd HH:mm:ss","date_added":"2017-07-12 15:56:45","status":"Shipped","order_status_id":"3","comment":"","notify":"0"},{"date_format":"yyyy-MM-dd HH:mm:ss","date_added":"2017-07-12 15:57:40","status":"Shipped","order_status_id":"3","comment":"","notify":"0"},{"date_format":"yyyy-MM-dd HH:mm:ss","date_added":"2017-07-12 16:09:03","status":"Shipped","order_status_id":"3","comment":"","notify":"0"},{"date_format":"yyyy-MM-dd HH:mm:ss","date_added":"2017-07-12 16:09:48","status":"Shipped","order_status_id":"3","comment":"","notify":"0"},{"date_format":"yyyy-MM-dd HH:mm:ss","date_added":"2017-07-12 16:10:03","status":"Shipped","order_status_id":"3","comment":"","notify":"0"},{"date_format":"yyyy-MM-dd HH:mm:ss","date_added":"2017-07-12 16:10:27","status":"Shipped","order_status_id":"3","comment":"","notify":"0"},{"date_format":"yyyy-MM-dd HH:mm:ss","date_added":"2017-07-12 16:10:41","status":"Shipped","order_status_id":"3","comment":"","notify":"0"},{"date_format":"yyyy-MM-dd HH:mm:ss","date_added":"2017-07-12 16:11:06","status":"Shipped","order_status_id":"3","comment":"","notify":"0"},{"date_format":"yyyy-MM-dd HH:mm:ss","date_added":"2017-07-12 16:11:58","status":"Shipped","order_status_id":"3","comment":"","notify":"0"},{"date_format":"yyyy-MM-dd HH:mm:ss","date_added":"2017-07-12 16:12:54","status":"Shipped","order_status_id":"3","comment":"","notify":"0"},{"date_format":"yyyy-MM-dd HH:mm:ss","date_added":"2017-07-12 16:14:24","status":"Shipped","order_status_id":"3","comment":"","notify":"0"},{"date_format":"yyyy-MM-dd HH:mm:ss","date_added":"2017-07-12 16:15:24","status":"Shipped","order_status_id":"3","comment":"","notify":"0"},{"date_format":"yyyy-MM-dd HH:mm:ss","date_added":"2017-07-12 16:16:18","status":"Shipped","order_status_id":"3","comment":"","notify":"0"},{"date_format":"yyyy-MM-dd HH:mm:ss","date_added":"2017-07-12 16:16:39","status":"Shipped","order_status_id":"3","comment":"","notify":"0"},{"date_format":"yyyy-MM-dd HH:mm:ss","date_added":"2017-07-12 16:17:49","status":"Shipped","order_status_id":"3","comment":"","notify":"0"},{"date_format":"yyyy-MM-dd HH:mm:ss","date_added":"2017-07-12 16:19:04","status":"Shipped","order_status_id":"3","comment":"","notify":"0"},{"date_format":"yyyy-MM-dd HH:mm:ss","date_added":"2017-07-12 16:22:07","status":"Shipped","order_status_id":"3","comment":"","notify":"0"},{"date_format":"yyyy-MM-dd HH:mm:ss","date_added":"2017-07-12 16:23:43","status":"Shipped","order_status_id":"3","comment":"","notify":"0"},{"date_format":"yyyy-MM-dd HH:mm:ss","date_added":"2017-07-12 16:24:57","status":"Shipped","order_status_id":"3","comment":"","notify":"0"},{"date_format":"yyyy-MM-dd HH:mm:ss","date_added":"2017-07-12 16:28:26","status":"Shipped","order_status_id":"3","comment":"","notify":"0"},{"date_format":"yyyy-MM-dd HH:mm:ss","date_added":"2017-07-12 16:32:05","status":"Shipped","order_status_id":"3","comment":"","notify":"0"},{"date_format":"yyyy-MM-dd HH:mm:ss","date_added":"2017-07-12 16:32:34","status":"Shipped","order_status_id":"3","comment":"","notify":"0"},{"date_format":"yyyy-MM-dd HH:mm:ss","date_added":"2017-07-12 16:33:08","status":"Shipped","order_status_id":"3","comment":"","notify":"0"},{"date_format":"yyyy-MM-dd HH:mm:ss","date_added":"2017-07-12 16:33:17","status":"Shipped","order_status_id":"3","comment":"","notify":"0"},{"date_format":"yyyy-MM-dd HH:mm:ss","date_added":"2017-07-12 16:34:32","status":"Shipped","order_status_id":"3","comment":"","notify":"0"},{"date_format":"yyyy-MM-dd HH:mm:ss","date_added":"2017-07-12 16:35:27","status":"Shipped","order_status_id":"3","comment":"","notify":"0"},{"date_format":"yyyy-MM-dd HH:mm:ss","date_added":"2017-07-12 16:39:18","status":"Shipped","order_status_id":"3","comment":"","notify":"0"},{"date_format":"yyyy-MM-dd HH:mm:ss","date_added":"2017-07-12 16:40:11","status":"Shipped","order_status_id":"3","comment":"","notify":"0"},{"date_format":"yyyy-MM-dd HH:mm:ss","date_added":"2017-07-12 16:41:38","status":"Shipped","order_status_id":"3","comment":"","notify":"0"},{"date_format":"yyyy-MM-dd HH:mm:ss","date_added":"2017-07-12 16:43:19","status":"Shipped","order_status_id":"3","comment":"","notify":"0"},{"date_format":"yyyy-MM-dd HH:mm:ss","date_added":"2017-07-12 17:29:23","status":"Shipped","order_status_id":"3","comment":"","notify":"0"},{"date_format":"yyyy-MM-dd HH:mm:ss","date_added":"2017-07-12 19:48:53","status":"Shipped","order_status_id":"3","comment":"","notify":"0"},{"date_format":"yyyy-MM-dd HH:mm:ss","date_added":"2017-07-12 19:50:06","status":"Shipped","order_status_id":"3","comment":"","notify":"0"},{"date_format":"yyyy-MM-dd HH:mm:ss","date_added":"2017-07-12 19:50:22","status":"Shipped","order_status_id":"3","comment":"","notify":"0"},{"date_format":"yyyy-MM-dd HH:mm:ss","date_added":"2017-07-12 19:50:36","status":"Shipped","order_status_id":"3","comment":"","notify":"0"},{"date_format":"yyyy-MM-dd HH:mm:ss","date_added":"2017-07-12 19:52:07","status":"Shipped","order_status_id":"3","comment":"","notify":"0"},{"date_format":"yyyy-MM-dd HH:mm:ss","date_added":"2017-07-12 19:52:28","status":"Shipped","order_status_id":"3","comment":"","notify":"0"},{"date_format":"yyyy-MM-dd HH:mm:ss","date_added":"2017-07-12 19:53:12","status":"Shipped","order_status_id":"3","comment":"","notify":"0"},{"date_format":"yyyy-MM-dd HH:mm:ss","date_added":"2017-07-12 19:54:23","status":"Shipped","order_status_id":"3","comment":"","notify":"0"},{"date_format":"yyyy-MM-dd HH:mm:ss","date_added":"2017-07-12 19:56:03","status":"Shipped","order_status_id":"3","comment":"","notify":"0"},{"date_format":"yyyy-MM-dd HH:mm:ss","date_added":"2017-07-12 19:56:16","status":"Shipped","order_status_id":"3","comment":"","notify":"0"},{"date_format":"yyyy-MM-dd HH:mm:ss","date_added":"2017-07-12 20:48:58","status":"Shipped","order_status_id":"3","comment":"","notify":"0"},{"date_format":"yyyy-MM-dd HH:mm:ss","date_added":"2017-07-12 20:49:15","status":"Shipped","order_status_id":"3","comment":"","notify":"0"},{"date_format":"yyyy-MM-dd HH:mm:ss","date_added":"2017-07-12 20:50:05","status":"Shipped","order_status_id":"3","comment":"","notify":"0"},{"date_format":"yyyy-MM-dd HH:mm:ss","date_added":"2017-07-12 20:51:32","status":"Shipped","order_status_id":"3","comment":"","notify":"0"},{"date_format":"yyyy-MM-dd HH:mm:ss","date_added":"2017-07-12 20:52:17","status":"Shipped","order_status_id":"3","comment":"","notify":"0"},{"date_format":"yyyy-MM-dd HH:mm:ss","date_added":"2017-07-12 20:52:45","status":"Shipped","order_status_id":"3","comment":"","notify":"0"},{"date_format":"yyyy-MM-dd HH:mm:ss","date_added":"2017-07-12 20:54:24","status":"Shipped","order_status_id":"3","comment":"","notify":"0"},{"date_format":"yyyy-MM-dd HH:mm:ss","date_added":"2017-07-12 20:54:59","status":"Shipped","order_status_id":"3","comment":"","notify":"0"},{"date_format":"yyyy-MM-dd HH:mm:ss","date_added":"2017-07-12 20:57:38","status":"Shipped","order_status_id":"3","comment":"","notify":"0"},{"date_format":"yyyy-MM-dd HH:mm:ss","date_added":"2017-07-12 20:59:32","status":"Shipped","order_status_id":"3","comment":"","notify":"0"},{"date_format":"yyyy-MM-dd HH:mm:ss","date_added":"2017-07-12 20:59:39","status":"Shipped","order_status_id":"3","comment":"","notify":"0"},{"date_format":"yyyy-MM-dd HH:mm:ss","date_added":"2017-07-12 21:01:31","status":"Shipped","order_status_id":"3","comment":"","notify":"0"},{"date_format":"yyyy-MM-dd HH:mm:ss","date_added":"2017-07-12 21:15:12","status":"Shipped","order_status_id":"3","comment":"","notify":"0"},{"date_format":"yyyy-MM-dd HH:mm:ss","date_added":"2017-07-12 21:16:19","status":"Shipped","order_status_id":"3","comment":"","notify":"0"},{"date_format":"yyyy-MM-dd HH:mm:ss","date_added":"2017-07-13 18:51:11","status":"Shipped","order_status_id":"3","comment":"","notify":"0"},{"date_format":"yyyy-MM-dd HH:mm:ss","date_added":"2017-07-13 18:51:19","status":"Pending","order_status_id":"1","comment":"","notify":"0"},{"date_format":"yyyy-MM-dd HH:mm:ss","date_added":"2017-07-13 18:51:24","status":"Shipped","order_status_id":"3","comment":"","notify":"0"},{"date_format":"yyyy-MM-dd HH:mm:ss","date_added":"2017-07-13 19:00:38","status":"Shipped","order_status_id":"3","comment":"","notify":"0"},{"date_format":"yyyy-MM-dd HH:mm:ss","date_added":"2017-07-13 19:07:20","status":"Shipped","order_status_id":"3","comment":"","notify":"0"},{"date_format":"yyyy-MM-dd HH:mm:ss","date_added":"2017-07-14 16:12:07","status":"Shipped","order_status_id":"3","comment":"","notify":"0"}],"weight":10}}