{"action":"shippingdetails","timestamp":"2017-07-14 13:07:29","credentials":{"username":"M2.COD","password":"police123","costCenterCode":"CCKHI"},"origincity":"karachi","datapacket":{"orderinfo":{"order_id":"12","invoice_no":"5","invoice_prefix":"INV-2013-00","store_id":"100001","store_name":"Ego Store","store_url":"https:\/\/wearego.com\/","currency_code":"USD","currency_id":"2","currency_value":"1.00000000","date_added":"2017-05-23 17:48:59","date_modified":"2017-07-14 18:07:29"},"customer":{"customer_id":"1","customer":"Ahsan Sheikh","customer_group_id":"1","firstname":"Ahsan","lastname":"Sheikh","email":"ahsan@yahoo.com","telephone":"123456"},"payment_address":{"firstname":"Ahsan","lastname":"Sheikh","company":"Technify","address":"F.B area block 17, Islamabad, pakistan","address_2":"F.B area block 17, Islamabad, pakistan","postcode":"12345","city":"islamabad","zone_id":"2462","zone":"Sindh","zone_code":"S","country_id":"162","country":"Pakistan","iso_code_2":"PK","iso_code_3":"PAK","address_format":"","custom_field":false,"method":"Cash On Delivery","code":"cod"},"shipping_address":{"firstname":"Ahsan","lastname":"Sheikh","company":"Technify","address":"F.B area block 17, Islamabad, pakistan","address_2":"F.B area block 17, Islamabad, pakistan","postcode":"12345","city":"islamabad","zone_id":"2462","zone":"Sindh","zone_code":"S","country_id":"162","country":"Pakistan","iso_code_2":"PK","iso_code_3":"PAK","address_format":"","custom_field":false,"method":"Flat Shipping Rate","code":"flat.flat"},"cart":[{"product_id":"43","name":"MacBook","quantity":"1","price":"500.0000","product_total":"500.0000"},{"product_id":"40","name":"iPhone","quantity":"1","price":"101.0000","product_total":"101.0000"}],"total":[{"order_total_id":"34","order_id":"12","code":"sub_total","title":"Sub-Total","value":"601.0000","sort_order":"1"},{"order_total_id":"35","order_id":"12","code":"shipping","title":"Flat Shipping Rate","value":"5.0000","sort_order":"3"},{"order_total_id":"36","order_id":"12","code":"total","title":"Total","value":"606.0000","sort_order":"9"}],"payment_method":[{"id":"10001323","product_ids":[],"payment_method":"Cash On Delivery","code":"cod","codefull":"cod.10001323"}],"shipping_method":[{"id":"100013387","product_ids":["10001330"],"code":"flat","codefull":"flat.100013387"}],"order_history":[{"date_format":"yyyy-MM-dd HH:mm:ss","date_added":"2017-07-12 16:45:03","status":"Shipped","order_status_id":"3","comment":"","notify":"0"},{"date_format":"yyyy-MM-dd HH:mm:ss","date_added":"2017-07-12 16:48:03","status":"Shipped","order_status_id":"3","comment":"","notify":"0"},{"date_format":"yyyy-MM-dd HH:mm:ss","date_added":"2017-07-13 19:01:37","status":"Shipped","order_status_id":"3","comment":"","notify":"0"},{"date_format":"yyyy-MM-dd HH:mm:ss","date_added":"2017-07-14 17:28:28","status":"Shipped","order_status_id":"3","comment":"","notify":"0"},{"date_format":"yyyy-MM-dd HH:mm:ss","date_added":"2017-07-14 17:56:55","status":"Shipped","order_status_id":"3","comment":"","notify":"0"},{"date_format":"yyyy-MM-dd HH:mm:ss","date_added":"2017-07-14 17:57:22","status":"Shipped","order_status_id":"3","comment":"","notify":"0"},{"date_format":"yyyy-MM-dd HH:mm:ss","date_added":"2017-07-14 18:01:38","status":"Shipped","order_status_id":"3","comment":"","notify":"0"},{"date_format":"yyyy-MM-dd HH:mm:ss","date_added":"2017-07-14 18:04:54","status":"Shipped","order_status_id":"3","comment":"","notify":"0"},{"date_format":"yyyy-MM-dd HH:mm:ss","date_added":"2017-07-14 18:07:29","status":"Shipped","order_status_id":"3","comment":"","notify":"0"}],"weight":10}}