{"action":"shippingdetails","timestamp":"2017-05-29 21:05:34","credentials":{"api_key":"BC8A745A2B7DA612EFA7E26B96E8E829","api_password":"A?(.>H5WL2MF9GU"},"origincity":"karachi","datapacket":{"orderinfo":{"order_id":"40","invoice_no":"0","invoice_prefix":"INV-2013-00","store_id":"100013","store_name":"meridukaan","store_url":"http:\/\/develop.technify.pk\/affiliate\/opencartv2031\/instance1\/","currency_code":"PKR","currecny_id":"4","currency_value":"1.00000000","date_added":"2017-05-18 11:05:01","date_modified":"2017-05-18 11:08:20"},"customer":{"customer_id":"0","customer_group_id":"1","firstname":"Sheeraz","lastname":"Memon","email":"sheeraz.ahmed1@gmail.com","telephone":"03322713909"},"payment_address":{"firstname":"Sheeraz","lastname":"Memon","address":"Technify PARK F-51, lahore","city":"lahore","postcode":"44000","country":"Pakistan","country_id":"162","country_iso_code_2":"PK","country_iso_code_3":"PAK","zone":"Punjab","zone_id":"2461","zone_iso_code":"P"},"shipping_address":{"firstname":"Sheeraz","lastname":"Memon","address":"Technify PARK F-51, lahore","city":"lahore","postcode":"44000","country":"karachi","country_id":"162","country_iso_code_2":"PK","country_iso_code_3":"PAK","zone":"Punjab","zone_id":"2461","zone_iso_code":"P"},"cart":[{"product_id":"10001330","name":"Canon EOS 5D - updated","quantity":"1","price":"80.0000","product_total":"80.0000"}],"total":[{"order_total_id":"160","order_id":"40","code":"sub_total","title":"Sub-Total","value":"80.0000","sort_order":"1"},{"order_total_id":"161","order_id":"40","code":"shipping","title":"Flat Shipping Rate","value":"5.0000","sort_order":"3"},{"order_total_id":"162","order_id":"40","code":"technify_shipping","title":"Flat Shipping (Ego)","value":"150.0000","sort_order":"4"},{"order_total_id":"163","order_id":"40","code":"total","title":"Total","value":"235.0000","sort_order":"9"}],"payment_method":[{"id":"10001323","product_ids":[],"payment_method":"Cash On Delivery","code":"cod","codefull":"cod.10001323"}],"shipping_method":[{"id":"100013387","product_ids":["10001330"],"code":"flat","codefull":"flat.100013387"}],"order_history":[{"date_format":"yyyy-MM-dd HH:mm:ss","date_added":"2017-05-18 11:05:03","status":"Pending","order_status_id":"1","comment":"","notify":"0"},{"date_format":"yyyy-MM-dd HH:mm:ss","date_added":"2017-05-18 11:08:20","status":"Canceled","order_status_id":"7","comment":"","notify":"0"}]}}