{
	"store_info": {
		"name": "Ego Store",
		"url": "https://wearego.com/",
		"address": "Abc Road Xyz Street",
		"phone": "92300012336",
		"email": "cs@wearego.com",
		"country": "Pakistan",
		"country_iso_3": "PAK",
		"country_iso_2": "PK",
		"postal_code": "74550",
		"region": "Sindh"
	},
	"shippingdetails": {
		"variables": {				
			"origincity": "karachi",
			"location": [{				
				"courier_id": "1",
				"cities": ["karachi", "khi"],
				"courier_name": "kangaroo"								
			}, {
				"courier_id": "2",
				"cities": ["else"],
				"courier_name": "tcs"								
			}, {
				"courier_id": "3",
				"cities": ["error"],
				"courier_name": "none"								
			}],
			"credentials": {
				"tcs": {
					"username": "M2.COD",
					"password": "police123",
					"costCenterCode": "CCKHI"
				},
				"kangaroo": {
					"clientid": "32",
					"password": "1234567890"
				}
			}

		}
	}
}